JUGADOR;PARTIDO;EQUIPO 1;EQUIPO 2;GOLES 1;GOLES 2
LS;MEXICO-SUDAFRICA;MEXICO;SUDAFRICA;2;1
LS;KOREA DEL SUR-REPUBLICA CHECA;KOREA DEL SUR;REPUBLICA CHECA;2;1
LS;CANADA-BOSNIA Y HERZEGOVINA;CANADA;BOSNIA Y HERZEGOVINA;2;1
LS;QATAR-SUIZA;QATAR;SUIZA;0;2
LS;BRASIL-MARRUECOS;BRASIL;MARRUECOS;1;3
LS;HAITI-ESCOCIA;HAITI;ESCOCIA;0;3
LS;ESTADOS UNIDOS-PARAGUAY;ESTADOS UNIDOS;PARAGUAY;1;2
LS;AUSTRALIA-TURQUIA;AUSTRALIA;TURQUIA;1;2
LS;ALEMANIA-CURAZAO;ALEMANIA;CURAZAO;3;0
LS;COSTA DE MARFIL-ECUADOR;COSTA DE MARFIL;ECUADOR;2;2
LS;HOLANDA-JAPON;HOLANDA;JAPON;2;1
LS;SUECIA-TUNEZ;SUECIA;TUNEZ;1;1
LS;BELGICA-EGIPTO;BELGICA;EGIPTO;2;0
LS;IRAN-NUEVA ZELANDA;IRAN;NUEVA ZELANDA;1;1
LS;ESPANA-CABO VERDE;ESPANA;CABO VERDE;4;0
LS;ARABIA SAUDITA-URUGUAY;ARABIA SAUDITA;URUGUAY;0;2
LS;FRANCIA-SENEGAL;FRANCIA;SENEGAL;2;1
LS;IRAQ-NORUEGA;IRAQ;NORUEGA;0;2
LS;ARGENTINA-ALGERIA;ARGENTINA;ALGERIA;2;1
LS;AUSTRIA-JORDANIA;AUSTRIA;JORDANIA;2;0
LS;PORTUGAL-RD CONGO;PORTUGAL;RD CONGO;3;1
LS;UZBEKISTAN-COLOMBIA;UZBEKISTAN;COLOMBIA;0;2
LS;INGLATERRA-CROACIA;INGLATERRA;CROACIA;2;2
LS;GHANA-PANAMA;GHANA;PANAMA;2;1
LS;REPUBLICA CHECA-SUDAFRICA;REPUBLICA CHECA;SUDAFRICA;1;1
LS;MEXICO-KOREA DEL SUR;MEXICO;KOREA DEL SUR;1;2
LS;SUIZA-BOSNIA Y HERZEGOVINA;SUIZA;BOSNIA Y HERZEGOVINA;2;1
LS;CANADA-QATAR;CANADA;QATAR;2;0
LS;ESCOCIA-MARRUECOS;ESCOCIA;MARRUECOS;0;2
LS;BRASIL-HAITI;BRASIL;HAITI;4;0
LS;ESTADOS UNIDOS-AUSTRALIA;ESTADOS UNIDOS;AUSTRALIA;2;1
LS;TURQUIA-PARAGUAY;TURQUIA;PARAGUAY;2;2
LS;ALEMANIA-COSTA DE MARFIL;ALEMANIA;COSTA DE MARFIL;1;2
LS;ECUADOR-CURAZAO;ECUADOR;CURAZAO;3;0
LS;HOLANDA-SUECIA;HOLANDA;SUECIA;2;0
LS;TUNEZ-JAPON;TUNEZ;JAPON;0;2
LS;BELGICA-IRAN;BELGICA;IRAN;1;0
LS;NUEVA ZELANDA-EGIPTO;NUEVA ZELANDA;EGIPTO;0;0
LS;ESPANA-ARABIA SAUDITA;ESPANA;ARABIA SAUDITA;2;0
LS;URUGUAY-CABO VERDE;URUGUAY;CABO VERDE;3;0
LS;FRANCIA-IRAQ;FRANCIA;IRAQ;2;0
LS;NORUEGA-SENEGAL;NORUEGA;SENEGAL;2;1
LS;ARGENTINA-AUSTRIA;ARGENTINA;AUSTRIA;2;0
LS;JORDANIA-ALGERIA;JORDANIA;ALGERIA;0;3
LS;PORTUGAL-UZBEKISTAN;PORTUGAL;UZBEKISTAN;2;0
LS;COLOMBIA-RD CONGO;COLOMBIA;RD CONGO;2;1
LS;INGLATERRA-GHANA;INGLATERRA;GHANA;1;1
LS;PANAMA-CROACIA;PANAMA;CROACIA;0;2
LS;REPUBLICA CHECA-MEXICO;REPUBLICA CHECA;MEXICO;0;1
LS;SUDAFRICA-KOREA DEL SUR;SUDAFRICA;KOREA DEL SUR;1;2
LS;SUIZA-CANADA;SUIZA;CANADA;1;1
LS;BOSNIA Y HERZEGOVINA-QATAR;BOSNIA Y HERZEGOVINA;QATAR;2;0
LS;ESCOCIA-BRASIL;ESCOCIA;BRASIL;1;2
LS;MARRUECOS-HAITI;MARRUECOS;HAITI;4;0
LS;TURQUIA-ESTADOS UNIDOS;TURQUIA;ESTADOS UNIDOS;1;1
LS;PARAGUAY-AUSTRALIA;PARAGUAY;AUSTRALIA;2;1
LS;CURAZAO-COSTA DE MARFIL;CURAZAO;COSTA DE MARFIL;0;3
LS;ECUADOR-ALEMANIA;ECUADOR;ALEMANIA;2;1
LS;JAPON-SUECIA;JAPON;SUECIA;2;0
LS;TUNEZ-HOLANDA;TUNEZ;HOLANDA;0;2
LS;EGIPTO-IRAN;EGIPTO;IRAN;1;1
LS;NUEVA ZELANDA-BELGICA;NUEVA ZELANDA;BELGICA;0;2
LS;CABO VERDE-ARABIA SAUDITA;CABO VERDE;ARABIA SAUDITA;0;2
LS;URUGUAY-ESPANA;URUGUAY;ESPANA;1;2
LS;NORUEGA-FRANCIA;NORUEGA;FRANCIA;2;2
LS;SENEGAL-IRAQ;SENEGAL;IRAQ;2;0
LS;ALGERIA-AUSTRIA;ALGERIA;AUSTRIA;2;1
LS;JORDANIA-ARGENTINA;JORDANIA;ARGENTINA;0;3
LS;COLOMBIA-PORTUGAL;COLOMBIA;PORTUGAL;2;2
LS;RD CONGO-UZBEKISTAN;RD CONGO;UZBEKISTAN;1;0
LS;PANAMA-INGLATERRA;PANAMA;INGLATERRA;1;2
LS;CROACIA-GHANA;CROACIA;GHANA;2;2
FS;MEXICO-SUDAFRICA;MEXICO;SUDAFRICA;2;0
FS;KOREA DEL SUR-REPUBLICA CHECA;KOREA DEL SUR;REPUBLICA CHECA;1;2
FS;CANADA-BOSNIA Y HERZEGOVINA;CANADA;BOSNIA Y HERZEGOVINA;2;1
FS;QATAR-SUIZA;QATAR;SUIZA;0;2
FS;BRASIL-MARRUECOS;BRASIL;MARRUECOS;1;1
FS;HAITI-ESCOCIA;HAITI;ESCOCIA;0;2
FS;ESTADOS UNIDOS-PARAGUAY;ESTADOS UNIDOS;PARAGUAY;2;1
FS;AUSTRALIA-TURQUIA;AUSTRALIA;TURQUIA;1;2
FS;ALEMANIA-CURAZAO;ALEMANIA;CURAZAO;3;0
FS;COSTA DE MARFIL-ECUADOR;COSTA DE MARFIL;ECUADOR;1;1
FS;HOLANDA-JAPON;HOLANDA;JAPON;2;1
FS;SUECIA-TUNEZ;SUECIA;TUNEZ;2;1
FS;BELGICA-EGIPTO;BELGICA;EGIPTO;2;1
FS;IRAN-NUEVA ZELANDA;IRAN;NUEVA ZELANDA;2;0
FS;ESPANA-CABO VERDE;ESPANA;CABO VERDE;3;0
FS;ARABIA SAUDITA-URUGUAY;ARABIA SAUDITA;URUGUAY;0;2
FS;FRANCIA-SENEGAL;FRANCIA;SENEGAL;2;0
FS;IRAQ-NORUEGA;IRAQ;NORUEGA;1;2
FS;ARGENTINA-ALGERIA;ARGENTINA;ALGERIA;2;1
FS;AUSTRIA-JORDANIA;AUSTRIA;JORDANIA;2;0
FS;PORTUGAL-RD CONGO;PORTUGAL;RD CONGO;2;0
FS;UZBEKISTAN-COLOMBIA;UZBEKISTAN;COLOMBIA;0;2
FS;INGLATERRA-CROACIA;INGLATERRA;CROACIA;2;1
FS;GHANA-PANAMA;GHANA;PANAMA;2;1
FS;REPUBLICA CHECA-SUDAFRICA;REPUBLICA CHECA;SUDAFRICA;2;0
FS;MEXICO-KOREA DEL SUR;MEXICO;KOREA DEL SUR;2;1
FS;SUIZA-BOSNIA Y HERZEGOVINA;SUIZA;BOSNIA Y HERZEGOVINA;2;1
FS;CANADA-QATAR;CANADA;QATAR;2;0
FS;ESCOCIA-MARRUECOS;ESCOCIA;MARRUECOS;0;1
FS;BRASIL-HAITI;BRASIL;HAITI;2;0
FS;ESTADOS UNIDOS-AUSTRALIA;ESTADOS UNIDOS;AUSTRALIA;2;0
FS;TURQUIA-PARAGUAY;TURQUIA;PARAGUAY;2;1
FS;ALEMANIA-COSTA DE MARFIL;ALEMANIA;COSTA DE MARFIL;2;0
FS;ECUADOR-CURAZAO;ECUADOR;CURAZAO;2;0
FS;HOLANDA-SUECIA;HOLANDA;SUECIA;2;0
FS;TUNEZ-JAPON;TUNEZ;JAPON;0;2
FS;BELGICA-IRAN;BELGICA;IRAN;2;0
FS;NUEVA ZELANDA-EGIPTO;NUEVA ZELANDA;EGIPTO;0;2
FS;ESPANA-ARABIA SAUDITA;ESPANA;ARABIA SAUDITA;2;0
FS;URUGUAY-CABO VERDE;URUGUAY;CABO VERDE;2;0
FS;FRANCIA-IRAQ;FRANCIA;IRAQ;3;0
FS;NORUEGA-SENEGAL;NORUEGA;SENEGAL;2;1
FS;ARGENTINA-AUSTRIA;ARGENTINA;AUSTRIA;2;0
FS;JORDANIA-ALGERIA;JORDANIA;ALGERIA;0;2
FS;PORTUGAL-UZBEKISTAN;PORTUGAL;UZBEKISTAN;2;0
FS;COLOMBIA-RD CONGO;COLOMBIA;RD CONGO;2;0
FS;INGLATERRA-GHANA;INGLATERRA;GHANA;2;0
FS;PANAMA-CROACIA;PANAMA;CROACIA;0;2
FS;REPUBLICA CHECA-MEXICO;REPUBLICA CHECA;MEXICO;1;2
FS;SUDAFRICA-KOREA DEL SUR;SUDAFRICA;KOREA DEL SUR;0;2
FS;SUIZA-CANADA;SUIZA;CANADA;1;2
FS;BOSNIA Y HERZEGOVINA-QATAR;BOSNIA Y HERZEGOVINA;QATAR;2;0
FS;ESCOCIA-BRASIL;ESCOCIA;BRASIL;0;2
FS;MARRUECOS-HAITI;MARRUECOS;HAITI;2;0
FS;TURQUIA-ESTADOS UNIDOS;TURQUIA;ESTADOS UNIDOS;0;1
FS;PARAGUAY-AUSTRALIA;PARAGUAY;AUSTRALIA;1;1
FS;CURAZAO-COSTA DE MARFIL;CURAZAO;COSTA DE MARFIL;0;2
FS;ECUADOR-ALEMANIA;ECUADOR;ALEMANIA;0;2
FS;JAPON-SUECIA;JAPON;SUECIA;2;1
FS;TUNEZ-HOLANDA;TUNEZ;HOLANDA;0;2
FS;EGIPTO-IRAN;EGIPTO;IRAN;2;1
FS;NUEVA ZELANDA-BELGICA;NUEVA ZELANDA;BELGICA;0;2
FS;CABO VERDE-ARABIA SAUDITA;CABO VERDE;ARABIA SAUDITA;2;1
FS;URUGUAY-ESPANA;URUGUAY;ESPANA;0;1
FS;NORUEGA-FRANCIA;NORUEGA;FRANCIA;1;2
FS;SENEGAL-IRAQ;SENEGAL;IRAQ;2;0
FS;ALGERIA-AUSTRIA;ALGERIA;AUSTRIA;2;2
FS;JORDANIA-ARGENTINA;JORDANIA;ARGENTINA;0;2
FS;COLOMBIA-PORTUGAL;COLOMBIA;PORTUGAL;1;2
FS;RD CONGO-UZBEKISTAN;RD CONGO;UZBEKISTAN;2;1
FS;PANAMA-INGLATERRA;PANAMA;INGLATERRA;0;2
FS;CROACIA-GHANA;CROACIA;GHANA;2;1
DM;MEXICO-SUDAFRICA;MEXICO;SUDAFRICA;1;0
DM;KOREA DEL SUR-REPUBLICA CHECA;KOREA DEL SUR;REPUBLICA CHECA;1;1
DM;CANADA-BOSNIA Y HERZEGOVINA;CANADA;BOSNIA Y HERZEGOVINA;2;1
DM;QATAR-SUIZA;QATAR;SUIZA;0;2
DM;BRASIL-MARRUECOS;BRASIL;MARRUECOS;3;2
DM;HAITI-ESCOCIA;HAITI;ESCOCIA;0;1
DM;ESTADOS UNIDOS-PARAGUAY;ESTADOS UNIDOS;PARAGUAY;2;2
DM;AUSTRALIA-TURQUIA;AUSTRALIA;TURQUIA;1;1
DM;ALEMANIA-CURAZAO;ALEMANIA;CURAZAO;3;0
DM;COSTA DE MARFIL-ECUADOR;COSTA DE MARFIL;ECUADOR;1;3
DM;HOLANDA-JAPON;HOLANDA;JAPON;2;2
DM;SUECIA-TUNEZ;SUECIA;TUNEZ;0;0
DM;BELGICA-EGIPTO;BELGICA;EGIPTO;3;2
DM;IRAN-NUEVA ZELANDA;IRAN;NUEVA ZELANDA;2;1
DM;ESPANA-CABO VERDE;ESPANA;CABO VERDE;3;0
DM;ARABIA SAUDITA-URUGUAY;ARABIA SAUDITA;URUGUAY;1;1
DM;FRANCIA-SENEGAL;FRANCIA;SENEGAL;3;1
DM;IRAQ-NORUEGA;IRAQ;NORUEGA;1;2
DM;ARGENTINA-ALGERIA;ARGENTINA;ALGERIA;2;1
DM;AUSTRIA-JORDANIA;AUSTRIA;JORDANIA;1;0
DM;PORTUGAL-RD CONGO;PORTUGAL;RD CONGO;3;1
DM;UZBEKISTAN-COLOMBIA;UZBEKISTAN;COLOMBIA;1;3
DM;INGLATERRA-CROACIA;INGLATERRA;CROACIA;1;1
DM;GHANA-PANAMA;GHANA;PANAMA;2;0
DM;REPUBLICA CHECA-SUDAFRICA;REPUBLICA CHECA;SUDAFRICA;1;1
DM;MEXICO-KOREA DEL SUR;MEXICO;KOREA DEL SUR;2;2
DM;SUIZA-BOSNIA Y HERZEGOVINA;SUIZA;BOSNIA Y HERZEGOVINA;1;0
DM;CANADA-QATAR;CANADA;QATAR;2;0
DM;ESCOCIA-MARRUECOS;ESCOCIA;MARRUECOS;1;2
DM;BRASIL-HAITI;BRASIL;HAITI;4;0
DM;ESTADOS UNIDOS-AUSTRALIA;ESTADOS UNIDOS;AUSTRALIA;1;1
DM;TURQUIA-PARAGUAY;TURQUIA;PARAGUAY;1;1
DM;ALEMANIA-COSTA DE MARFIL;ALEMANIA;COSTA DE MARFIL;2;0
DM;ECUADOR-CURAZAO;ECUADOR;CURAZAO;3;0
DM;HOLANDA-SUECIA;HOLANDA;SUECIA;2;1
DM;TUNEZ-JAPON;TUNEZ;JAPON;0;1
DM;BELGICA-IRAN;BELGICA;IRAN;2;0
DM;NUEVA ZELANDA-EGIPTO;NUEVA ZELANDA;EGIPTO;0;1
DM;ESPANA-ARABIA SAUDITA;ESPANA;ARABIA SAUDITA;3;1
DM;URUGUAY-CABO VERDE;URUGUAY;CABO VERDE;2;0
DM;FRANCIA-IRAQ;FRANCIA;IRAQ;3;0
DM;NORUEGA-SENEGAL;NORUEGA;SENEGAL;2;1
DM;ARGENTINA-AUSTRIA;ARGENTINA;AUSTRIA;2;0
DM;JORDANIA-ALGERIA;JORDANIA;ALGERIA;1;2
DM;PORTUGAL-UZBEKISTAN;PORTUGAL;UZBEKISTAN;3;0
DM;COLOMBIA-RD CONGO;COLOMBIA;RD CONGO;3;1
DM;INGLATERRA-GHANA;INGLATERRA;GHANA;3;2
DM;PANAMA-CROACIA;PANAMA;CROACIA;1;3
DM;REPUBLICA CHECA-MEXICO;REPUBLICA CHECA;MEXICO;1;2
DM;SUDAFRICA-KOREA DEL SUR;SUDAFRICA;KOREA DEL SUR;1;3
DM;SUIZA-CANADA;SUIZA;CANADA;1;1
DM;BOSNIA Y HERZEGOVINA-QATAR;BOSNIA Y HERZEGOVINA;QATAR;2;1
DM;ESCOCIA-BRASIL;ESCOCIA;BRASIL;1;2
DM;MARRUECOS-HAITI;MARRUECOS;HAITI;2;0
DM;TURQUIA-ESTADOS UNIDOS;TURQUIA;ESTADOS UNIDOS;3;2
DM;PARAGUAY-AUSTRALIA;PARAGUAY;AUSTRALIA;2;1
DM;CURAZAO-COSTA DE MARFIL;CURAZAO;COSTA DE MARFIL;0;1
DM;ECUADOR-ALEMANIA;ECUADOR;ALEMANIA;2;2
DM;JAPON-SUECIA;JAPON;SUECIA;2;2
DM;TUNEZ-HOLANDA;TUNEZ;HOLANDA;0;2
DM;EGIPTO-IRAN;EGIPTO;IRAN;1;2
DM;NUEVA ZELANDA-BELGICA;NUEVA ZELANDA;BELGICA;0;3
DM;CABO VERDE-ARABIA SAUDITA;CABO VERDE;ARABIA SAUDITA;0;1
DM;URUGUAY-ESPANA;URUGUAY;ESPANA;1;2
DM;NORUEGA-FRANCIA;NORUEGA;FRANCIA;1;1
DM;SENEGAL-IRAQ;SENEGAL;IRAQ;2;0
DM;ALGERIA-AUSTRIA;ALGERIA;AUSTRIA;2;2
DM;JORDANIA-ARGENTINA;JORDANIA;ARGENTINA;0;2
DM;COLOMBIA-PORTUGAL;COLOMBIA;PORTUGAL;2;2
DM;RD CONGO-UZBEKISTAN;RD CONGO;UZBEKISTAN;1;1
DM;PANAMA-INGLATERRA;PANAMA;INGLATERRA;1;2
DM;CROACIA-GHANA;CROACIA;GHANA;2;1
FF;MEXICO-SUDAFRICA;MEXICO;SUDAFRICA;1;1
FF;KOREA DEL SUR-REPUBLICA CHECA;KOREA DEL SUR;REPUBLICA CHECA;1;1
FF;CANADA-BOSNIA Y HERZEGOVINA;CANADA;BOSNIA Y HERZEGOVINA;2;1
FF;QATAR-SUIZA;QATAR;SUIZA;0;2
FF;BRASIL-MARRUECOS;BRASIL;MARRUECOS;0;1
FF;HAITI-ESCOCIA;HAITI;ESCOCIA;1;2
FF;ESTADOS UNIDOS-PARAGUAY;ESTADOS UNIDOS;PARAGUAY;1;0
FF;AUSTRALIA-TURQUIA;AUSTRALIA;TURQUIA;1;1
FF;ALEMANIA-CURAZAO;ALEMANIA;CURAZAO;4;0
FF;COSTA DE MARFIL-ECUADOR;COSTA DE MARFIL;ECUADOR;0;1
FF;HOLANDA-JAPON;HOLANDA;JAPON;2;1
FF;SUECIA-TUNEZ;SUECIA;TUNEZ;2;0
FF;BELGICA-EGIPTO;BELGICA;EGIPTO;2;1
FF;IRAN-NUEVA ZELANDA;IRAN;NUEVA ZELANDA;0;1
FF;ESPANA-CABO VERDE;ESPANA;CABO VERDE;4;0
FF;ARABIA SAUDITA-URUGUAY;ARABIA SAUDITA;URUGUAY;0;2
FF;FRANCIA-SENEGAL;FRANCIA;SENEGAL;2;1
FF;IRAQ-NORUEGA;IRAQ;NORUEGA;0;2
FF;ARGENTINA-ALGERIA;ARGENTINA;ALGERIA;1;0
FF;AUSTRIA-JORDANIA;AUSTRIA;JORDANIA;3;1
FF;PORTUGAL-RD CONGO;PORTUGAL;RD CONGO;2;0
FF;UZBEKISTAN-COLOMBIA;UZBEKISTAN;COLOMBIA;1;3
FF;INGLATERRA-CROACIA;INGLATERRA;CROACIA;1;1
FF;GHANA-PANAMA;GHANA;PANAMA;2;1
FF;REPUBLICA CHECA-SUDAFRICA;REPUBLICA CHECA;SUDAFRICA;1;0
FF;MEXICO-KOREA DEL SUR;MEXICO;KOREA DEL SUR;0;0
FF;SUIZA-BOSNIA Y HERZEGOVINA;SUIZA;BOSNIA Y HERZEGOVINA;1;0
FF;CANADA-QATAR;CANADA;QATAR;1;0
FF;ESCOCIA-MARRUECOS;ESCOCIA;MARRUECOS;0;0
FF;BRASIL-HAITI;BRASIL;HAITI;3;0
FF;ESTADOS UNIDOS-AUSTRALIA;ESTADOS UNIDOS;AUSTRALIA;1;1
FF;TURQUIA-PARAGUAY;TURQUIA;PARAGUAY;1;2
FF;ALEMANIA-COSTA DE MARFIL;ALEMANIA;COSTA DE MARFIL;2;1
FF;ECUADOR-CURAZAO;ECUADOR;CURAZAO;2;0
FF;HOLANDA-SUECIA;HOLANDA;SUECIA;1;0
FF;TUNEZ-JAPON;TUNEZ;JAPON;1;2
FF;BELGICA-IRAN;BELGICA;IRAN;3;0
FF;NUEVA ZELANDA-EGIPTO;NUEVA ZELANDA;EGIPTO;2;1
FF;ESPANA-ARABIA SAUDITA;ESPANA;ARABIA SAUDITA;3;0
FF;URUGUAY-CABO VERDE;URUGUAY;CABO VERDE;2;1
FF;FRANCIA-IRAQ;FRANCIA;IRAQ;3;1
FF;NORUEGA-SENEGAL;NORUEGA;SENEGAL;0;0
FF;ARGENTINA-AUSTRIA;ARGENTINA;AUSTRIA;1;1
FF;JORDANIA-ALGERIA;JORDANIA;ALGERIA;1;1
FF;PORTUGAL-UZBEKISTAN;PORTUGAL;UZBEKISTAN;1;1
FF;COLOMBIA-RD CONGO;COLOMBIA;RD CONGO;1;0
FF;INGLATERRA-GHANA;INGLATERRA;GHANA;3;0
FF;PANAMA-CROACIA;PANAMA;CROACIA;0;1
FF;REPUBLICA CHECA-MEXICO;REPUBLICA CHECA;MEXICO;1;2
FF;SUDAFRICA-KOREA DEL SUR;SUDAFRICA;KOREA DEL SUR;1;1
FF;SUIZA-CANADA;SUIZA;CANADA;1;1
FF;BOSNIA Y HERZEGOVINA-QATAR;BOSNIA Y HERZEGOVINA;QATAR;0;0
FF;ESCOCIA-BRASIL;ESCOCIA;BRASIL;0;1
FF;MARRUECOS-HAITI;MARRUECOS;HAITI;2;0
FF;TURQUIA-ESTADOS UNIDOS;TURQUIA;ESTADOS UNIDOS;0;1
FF;PARAGUAY-AUSTRALIA;PARAGUAY;AUSTRALIA;1;0
FF;CURAZAO-COSTA DE MARFIL;CURAZAO;COSTA DE MARFIL;1;2
FF;ECUADOR-ALEMANIA;ECUADOR;ALEMANIA;2;3
FF;JAPON-SUECIA;JAPON;SUECIA;1;1
FF;TUNEZ-HOLANDA;TUNEZ;HOLANDA;0;3
FF;EGIPTO-IRAN;EGIPTO;IRAN;0;0
FF;NUEVA ZELANDA-BELGICA;NUEVA ZELANDA;BELGICA;0;1
FF;CABO VERDE-ARABIA SAUDITA;CABO VERDE;ARABIA SAUDITA;0;0
FF;URUGUAY-ESPANA;URUGUAY;ESPANA;0;1
FF;NORUEGA-FRANCIA;NORUEGA;FRANCIA;1;1
FF;SENEGAL-IRAQ;SENEGAL;IRAQ;2;0
FF;ALGERIA-AUSTRIA;ALGERIA;AUSTRIA;0;0
FF;JORDANIA-ARGENTINA;JORDANIA;ARGENTINA;1;3
FF;COLOMBIA-PORTUGAL;COLOMBIA;PORTUGAL;1;0
FF;RD CONGO-UZBEKISTAN;RD CONGO;UZBEKISTAN;0;0
FF;PANAMA-INGLATERRA;PANAMA;INGLATERRA;1;2
FF;CROACIA-GHANA;CROACIA;GHANA;2;0
GEMINI;MEXICO-SUDAFRICA;MEXICO;SUDAFRICA;2;0
GEMINI;KOREA DEL SUR-REPUBLICA CHECA;KOREA DEL SUR;REPUBLICA CHECA;1;1
GEMINI;CANADA-BOSNIA Y HERZEGOVINA;CANADA;BOSNIA Y HERZEGOVINA;2;1
GEMINI;QATAR-SUIZA;QATAR;SUIZA;0;2
GEMINI;BRASIL-MARRUECOS;BRASIL;MARRUECOS;3;0
GEMINI;HAITI-ESCOCIA;HAITI;ESCOCIA;1;1
GEMINI;ESTADOS UNIDOS-PARAGUAY;ESTADOS UNIDOS;PARAGUAY;1;1
GEMINI;AUSTRALIA-TURQUIA;AUSTRALIA;TURQUIA;1;2
GEMINI;ALEMANIA-CURAZAO;ALEMANIA;CURAZAO;4;0
GEMINI;COSTA DE MARFIL-ECUADOR;COSTA DE MARFIL;ECUADOR;1;1
GEMINI;HOLANDA-JAPON;HOLANDA;JAPON;2;0
GEMINI;SUECIA-TUNEZ;SUECIA;TUNEZ;1;0
GEMINI;BELGICA-EGIPTO;BELGICA;EGIPTO;3;1
GEMINI;IRAN-NUEVA ZELANDA;IRAN;NUEVA ZELANDA;2;0
GEMINI;ESPANA-CABO VERDE;ESPANA;CABO VERDE;3;0
GEMINI;ARABIA SAUDITA-URUGUAY;ARABIA SAUDITA;URUGUAY;0;2
GEMINI;FRANCIA-SENEGAL;FRANCIA;SENEGAL;3;1
GEMINI;IRAQ-NORUEGA;IRAQ;NORUEGA;0;0
GEMINI;ARGENTINA-ALGERIA;ARGENTINA;ALGERIA;2;0
GEMINI;AUSTRIA-JORDANIA;AUSTRIA;JORDANIA;1;2
GEMINI;PORTUGAL-RD CONGO;PORTUGAL;RD CONGO;3;0
GEMINI;UZBEKISTAN-COLOMBIA;UZBEKISTAN;COLOMBIA;1;2
GEMINI;INGLATERRA-CROACIA;INGLATERRA;CROACIA;2;1
GEMINI;GHANA-PANAMA;GHANA;PANAMA;1;0
GEMINI;REPUBLICA CHECA-SUDAFRICA;REPUBLICA CHECA;SUDAFRICA;2;1
GEMINI;MEXICO-KOREA DEL SUR;MEXICO;KOREA DEL SUR;1;1
GEMINI;SUIZA-BOSNIA Y HERZEGOVINA;SUIZA;BOSNIA Y HERZEGOVINA;1;1
GEMINI;CANADA-QATAR;CANADA;QATAR;2;0
GEMINI;ESCOCIA-MARRUECOS;ESCOCIA;MARRUECOS;0;2
GEMINI;BRASIL-HAITI;BRASIL;HAITI;2;0
GEMINI;ESTADOS UNIDOS-AUSTRALIA;ESTADOS UNIDOS;AUSTRALIA;2;1
GEMINI;TURQUIA-PARAGUAY;TURQUIA;PARAGUAY;1;1
GEMINI;ALEMANIA-COSTA DE MARFIL;ALEMANIA;COSTA DE MARFIL;2;1
GEMINI;ECUADOR-CURAZAO;ECUADOR;CURAZAO;3;0
GEMINI;HOLANDA-SUECIA;HOLANDA;SUECIA;2;1
GEMINI;TUNEZ-JAPON;TUNEZ;JAPON;0;2
GEMINI;BELGICA-IRAN;BELGICA;IRAN;2;0
GEMINI;NUEVA ZELANDA-EGIPTO;NUEVA ZELANDA;EGIPTO;0;1
GEMINI;ESPANA-ARABIA SAUDITA;ESPANA;ARABIA SAUDITA;2;0
GEMINI;URUGUAY-CABO VERDE;URUGUAY;CABO VERDE;2;0
GEMINI;FRANCIA-IRAQ;FRANCIA;IRAQ;2;0
GEMINI;NORUEGA-SENEGAL;NORUEGA;SENEGAL;1;2
GEMINI;ARGENTINA-AUSTRIA;ARGENTINA;AUSTRIA;3;1
GEMINI;JORDANIA-ALGERIA;JORDANIA;ALGERIA;0;1
GEMINI;PORTUGAL-UZBEKISTAN;PORTUGAL;UZBEKISTAN;2;0
GEMINI;COLOMBIA-RD CONGO;COLOMBIA;RD CONGO;2;0
GEMINI;INGLATERRA-GHANA;INGLATERRA;GHANA;2;0
GEMINI;PANAMA-CROACIA;PANAMA;CROACIA;0;2
GEMINI;REPUBLICA CHECA-MEXICO;REPUBLICA CHECA;MEXICO;1;2
GEMINI;SUDAFRICA-KOREA DEL SUR;SUDAFRICA;KOREA DEL SUR;0;2
GEMINI;SUIZA-CANADA;SUIZA;CANADA;2;1
GEMINI;BOSNIA Y HERZEGOVINA-QATAR;BOSNIA Y HERZEGOVINA;QATAR;1;0
GEMINI;ESCOCIA-BRASIL;ESCOCIA;BRASIL;1;3
GEMINI;MARRUECOS-HAITI;MARRUECOS;HAITI;2;1
GEMINI;TURQUIA-ESTADOS UNIDOS;TURQUIA;ESTADOS UNIDOS;1;2
GEMINI;PARAGUAY-AUSTRALIA;PARAGUAY;AUSTRALIA;2;0
GEMINI;CURAZAO-COSTA DE MARFIL;CURAZAO;COSTA DE MARFIL;0;2
GEMINI;ECUADOR-ALEMANIA;ECUADOR;ALEMANIA;1;3
GEMINI;JAPON-SUECIA;JAPON;SUECIA;1;1
GEMINI;TUNEZ-HOLANDA;TUNEZ;HOLANDA;0;3
GEMINI;EGIPTO-IRAN;EGIPTO;IRAN;1;1
GEMINI;NUEVA ZELANDA-BELGICA;NUEVA ZELANDA;BELGICA;0;4
GEMINI;CABO VERDE-ARABIA SAUDITA;CABO VERDE;ARABIA SAUDITA;1;0
GEMINI;URUGUAY-ESPANA;URUGUAY;ESPANA;1;1
GEMINI;NORUEGA-FRANCIA;NORUEGA;FRANCIA;1;1
GEMINI;SENEGAL-IRAQ;SENEGAL;IRAQ;1;0
GEMINI;ALGERIA-AUSTRIA;ALGERIA;AUSTRIA;1;1
GEMINI;JORDANIA-ARGENTINA;JORDANIA;ARGENTINA;0;2
GEMINI;COLOMBIA-PORTUGAL;COLOMBIA;PORTUGAL;1;2
GEMINI;RD CONGO-UZBEKISTAN;RD CONGO;UZBEKISTAN;1;1
GEMINI;PANAMA-INGLATERRA;PANAMA;INGLATERRA;0;3
GEMINI;CROACIA-GHANA;CROACIA;GHANA;1;1
JMS;MEXICO-SUDAFRICA;MEXICO;SUDAFRICA;2;1
JMS;KOREA DEL SUR-REPUBLICA CHECA;KOREA DEL SUR;REPUBLICA CHECA;2;1
JMS;CANADA-BOSNIA Y HERZEGOVINA;CANADA;BOSNIA Y HERZEGOVINA;2;1
JMS;QATAR-SUIZA;QATAR;SUIZA;0;2
JMS;BRASIL-MARRUECOS;BRASIL;MARRUECOS;1;1
JMS;HAITI-ESCOCIA;HAITI;ESCOCIA;0;3
JMS;ESTADOS UNIDOS-PARAGUAY;ESTADOS UNIDOS;PARAGUAY;1;2
JMS;AUSTRALIA-TURQUIA;AUSTRALIA;TURQUIA;1;2
JMS;ALEMANIA-CURAZAO;ALEMANIA;CURAZAO;3;0
JMS;COSTA DE MARFIL-ECUADOR;COSTA DE MARFIL;ECUADOR;2;3
JMS;HOLANDA-JAPON;HOLANDA;JAPON;2;1
JMS;SUECIA-TUNEZ;SUECIA;TUNEZ;1;1
JMS;BELGICA-EGIPTO;BELGICA;EGIPTO;2;0
JMS;IRAN-NUEVA ZELANDA;IRAN;NUEVA ZELANDA;1;1
JMS;ESPANA-CABO VERDE;ESPANA;CABO VERDE;4;0
JMS;ARABIA SAUDITA-URUGUAY;ARABIA SAUDITA;URUGUAY;0;2
JMS;FRANCIA-SENEGAL;FRANCIA;SENEGAL;2;1
JMS;IRAQ-NORUEGA;IRAQ;NORUEGA;0;2
JMS;ARGENTINA-ALGERIA;ARGENTINA;ALGERIA;2;0
JMS;AUSTRIA-JORDANIA;AUSTRIA;JORDANIA;2;0
JMS;PORTUGAL-RD CONGO;PORTUGAL;RD CONGO;3;1
JMS;UZBEKISTAN-COLOMBIA;UZBEKISTAN;COLOMBIA;0;2
JMS;INGLATERRA-CROACIA;INGLATERRA;CROACIA;2;0
JMS;GHANA-PANAMA;GHANA;PANAMA;2;1
JMS;REPUBLICA CHECA-SUDAFRICA;REPUBLICA CHECA;SUDAFRICA;1;1
JMS;MEXICO-KOREA DEL SUR;MEXICO;KOREA DEL SUR;2;2
JMS;SUIZA-BOSNIA Y HERZEGOVINA;SUIZA;BOSNIA Y HERZEGOVINA;2;1
JMS;CANADA-QATAR;CANADA;QATAR;2;0
JMS;ESCOCIA-MARRUECOS;ESCOCIA;MARRUECOS;0;2
JMS;BRASIL-HAITI;BRASIL;HAITI;4;0
JMS;ESTADOS UNIDOS-AUSTRALIA;ESTADOS UNIDOS;AUSTRALIA;2;1
JMS;TURQUIA-PARAGUAY;TURQUIA;PARAGUAY;2;2
JMS;ALEMANIA-COSTA DE MARFIL;ALEMANIA;COSTA DE MARFIL;2;0
JMS;ECUADOR-CURAZAO;ECUADOR;CURAZAO;3;0
JMS;HOLANDA-SUECIA;HOLANDA;SUECIA;2;0
JMS;TUNEZ-JAPON;TUNEZ;JAPON;0;2
JMS;BELGICA-IRAN;BELGICA;IRAN;1;0
JMS;NUEVA ZELANDA-EGIPTO;NUEVA ZELANDA;EGIPTO;0;0
JMS;ESPANA-ARABIA SAUDITA;ESPANA;ARABIA SAUDITA;2;0
JMS;URUGUAY-CABO VERDE;URUGUAY;CABO VERDE;3;0
JMS;FRANCIA-IRAQ;FRANCIA;IRAQ;2;0
JMS;NORUEGA-SENEGAL;NORUEGA;SENEGAL;2;1
JMS;ARGENTINA-AUSTRIA;ARGENTINA;AUSTRIA;2;0
JMS;JORDANIA-ALGERIA;JORDANIA;ALGERIA;0;3
JMS;PORTUGAL-UZBEKISTAN;PORTUGAL;UZBEKISTAN;2;0
JMS;COLOMBIA-RD CONGO;COLOMBIA;RD CONGO;2;1
JMS;INGLATERRA-GHANA;INGLATERRA;GHANA;1;1
JMS;PANAMA-CROACIA;PANAMA;CROACIA;0;2
JMS;REPUBLICA CHECA-MEXICO;REPUBLICA CHECA;MEXICO;0;1
JMS;SUDAFRICA-KOREA DEL SUR;SUDAFRICA;KOREA DEL SUR;1;2
JMS;SUIZA-CANADA;SUIZA;CANADA;1;2
JMS;BOSNIA Y HERZEGOVINA-QATAR;BOSNIA Y HERZEGOVINA;QATAR;2;0
JMS;ESCOCIA-BRASIL;ESCOCIA;BRASIL;1;2
JMS;MARRUECOS-HAITI;MARRUECOS;HAITI;4;0
JMS;TURQUIA-ESTADOS UNIDOS;TURQUIA;ESTADOS UNIDOS;1;2
JMS;PARAGUAY-AUSTRALIA;PARAGUAY;AUSTRALIA;2;1
JMS;CURAZAO-COSTA DE MARFIL;CURAZAO;COSTA DE MARFIL;0;3
JMS;ECUADOR-ALEMANIA;ECUADOR;ALEMANIA;2;1
JMS;JAPON-SUECIA;JAPON;SUECIA;2;0
JMS;TUNEZ-HOLANDA;TUNEZ;HOLANDA;0;2
JMS;EGIPTO-IRAN;EGIPTO;IRAN;1;1
JMS;NUEVA ZELANDA-BELGICA;NUEVA ZELANDA;BELGICA;0;2
JMS;CABO VERDE-ARABIA SAUDITA;CABO VERDE;ARABIA SAUDITA;0;2
JMS;URUGUAY-ESPANA;URUGUAY;ESPANA;1;2
JMS;NORUEGA-FRANCIA;NORUEGA;FRANCIA;2;2
JMS;SENEGAL-IRAQ;SENEGAL;IRAQ;2;0
JMS;ALGERIA-AUSTRIA;ALGERIA;AUSTRIA;2;1
JMS;JORDANIA-ARGENTINA;JORDANIA;ARGENTINA;0;3
JMS;COLOMBIA-PORTUGAL;COLOMBIA;PORTUGAL;2;2
JMS;RD CONGO-UZBEKISTAN;RD CONGO;UZBEKISTAN;1;0
JMS;PANAMA-INGLATERRA;PANAMA;INGLATERRA;1;2
JMS;CROACIA-GHANA;CROACIA;GHANA;2;2
ML;MEXICO-SUDAFRICA;MEXICO;SUDAFRICA;1;0
ML;KOREA DEL SUR-REPUBLICA CHECA;KOREA DEL SUR;REPUBLICA CHECA;1;1
ML;CANADA-BOSNIA Y HERZEGOVINA;CANADA;BOSNIA Y HERZEGOVINA;1;0
ML;QATAR-SUIZA;QATAR;SUIZA;0;2
ML;BRASIL-MARRUECOS;BRASIL;MARRUECOS;2;1
ML;HAITI-ESCOCIA;HAITI;ESCOCIA;0;2
ML;ESTADOS UNIDOS-PARAGUAY;ESTADOS UNIDOS;PARAGUAY;2;1
ML;AUSTRALIA-TURQUIA;AUSTRALIA;TURQUIA;2;1
ML;ALEMANIA-CURAZAO;ALEMANIA;CURAZAO;3;0
ML;COSTA DE MARFIL-ECUADOR;COSTA DE MARFIL;ECUADOR;0;1
ML;HOLANDA-JAPON;HOLANDA;JAPON;2;1
ML;SUECIA-TUNEZ;SUECIA;TUNEZ;1;0
ML;BELGICA-EGIPTO;BELGICA;EGIPTO;2;1
ML;IRAN-NUEVA ZELANDA;IRAN;NUEVA ZELANDA;2;0
ML;ESPANA-CABO VERDE;ESPANA;CABO VERDE;4;0
ML;ARABIA SAUDITA-URUGUAY;ARABIA SAUDITA;URUGUAY;1;1
ML;FRANCIA-SENEGAL;FRANCIA;SENEGAL;2;0
ML;IRAQ-NORUEGA;IRAQ;NORUEGA;0;4
ML;ARGENTINA-ALGERIA;ARGENTINA;ALGERIA;3;1
ML;AUSTRIA-JORDANIA;AUSTRIA;JORDANIA;2;0
ML;PORTUGAL-RD CONGO;PORTUGAL;RD CONGO;2;1
ML;UZBEKISTAN-COLOMBIA;UZBEKISTAN;COLOMBIA;0;2
ML;INGLATERRA-CROACIA;INGLATERRA;CROACIA;1;1
ML;GHANA-PANAMA;GHANA;PANAMA;1;1
ML;REPUBLICA CHECA-SUDAFRICA;REPUBLICA CHECA;SUDAFRICA;1;0
ML;MEXICO-KOREA DEL SUR;MEXICO;KOREA DEL SUR;1;1
ML;SUIZA-BOSNIA Y HERZEGOVINA;SUIZA;BOSNIA Y HERZEGOVINA;2;1
ML;CANADA-QATAR;CANADA;QATAR;1;0
ML;ESCOCIA-MARRUECOS;ESCOCIA;MARRUECOS;0;1
ML;BRASIL-HAITI;BRASIL;HAITI;4;0
ML;ESTADOS UNIDOS-AUSTRALIA;ESTADOS UNIDOS;AUSTRALIA;1;2
ML;TURQUIA-PARAGUAY;TURQUIA;PARAGUAY;1;2
ML;ALEMANIA-COSTA DE MARFIL;ALEMANIA;COSTA DE MARFIL;3;1
ML;ECUADOR-CURAZAO;ECUADOR;CURAZAO;1;0
ML;HOLANDA-SUECIA;HOLANDA;SUECIA;2;0
ML;TUNEZ-JAPON;TUNEZ;JAPON;0;1
ML;BELGICA-IRAN;BELGICA;IRAN;1;1
ML;NUEVA ZELANDA-EGIPTO;NUEVA ZELANDA;EGIPTO;2;0
ML;ESPANA-ARABIA SAUDITA;ESPANA;ARABIA SAUDITA;4;1
ML;URUGUAY-CABO VERDE;URUGUAY;CABO VERDE;3;0
ML;FRANCIA-IRAQ;FRANCIA;IRAQ;3;1
ML;NORUEGA-SENEGAL;NORUEGA;SENEGAL;1;1
ML;ARGENTINA-AUSTRIA;ARGENTINA;AUSTRIA;2;2
ML;JORDANIA-ALGERIA;JORDANIA;ALGERIA;1;1
ML;PORTUGAL-UZBEKISTAN;PORTUGAL;UZBEKISTAN;2;0
ML;COLOMBIA-RD CONGO;COLOMBIA;RD CONGO;1;0
ML;INGLATERRA-GHANA;INGLATERRA;GHANA;2;0
ML;PANAMA-CROACIA;PANAMA;CROACIA;1;2
ML;REPUBLICA CHECA-MEXICO;REPUBLICA CHECA;MEXICO;1;3
ML;SUDAFRICA-KOREA DEL SUR;SUDAFRICA;KOREA DEL SUR;0;1
ML;SUIZA-CANADA;SUIZA;CANADA;1;1
ML;BOSNIA Y HERZEGOVINA-QATAR;BOSNIA Y HERZEGOVINA;QATAR;0;1
ML;ESCOCIA-BRASIL;ESCOCIA;BRASIL;0;2
ML;MARRUECOS-HAITI;MARRUECOS;HAITI;2;0
ML;TURQUIA-ESTADOS UNIDOS;TURQUIA;ESTADOS UNIDOS;2;0
ML;PARAGUAY-AUSTRALIA;PARAGUAY;AUSTRALIA;1;1
ML;CURAZAO-COSTA DE MARFIL;CURAZAO;COSTA DE MARFIL;1;3
ML;ECUADOR-ALEMANIA;ECUADOR;ALEMANIA;1;2
ML;JAPON-SUECIA;JAPON;SUECIA;2;2
ML;TUNEZ-HOLANDA;TUNEZ;HOLANDA;0;4
ML;EGIPTO-IRAN;EGIPTO;IRAN;0;1
ML;NUEVA ZELANDA-BELGICA;NUEVA ZELANDA;BELGICA;1;2
ML;CABO VERDE-ARABIA SAUDITA;CABO VERDE;ARABIA SAUDITA;2;1
ML;URUGUAY-ESPANA;URUGUAY;ESPANA;2;3
ML;NORUEGA-FRANCIA;NORUEGA;FRANCIA;1;2
ML;SENEGAL-IRAQ;SENEGAL;IRAQ;3;1
ML;ALGERIA-AUSTRIA;ALGERIA;AUSTRIA;1;2
ML;JORDANIA-ARGENTINA;JORDANIA;ARGENTINA;1;3
ML;COLOMBIA-PORTUGAL;COLOMBIA;PORTUGAL;2;0
ML;RD CONGO-UZBEKISTAN;RD CONGO;UZBEKISTAN;1;2
ML;PANAMA-INGLATERRA;PANAMA;INGLATERRA;0;2
ML;CROACIA-GHANA;CROACIA;GHANA;2;0
NA;MEXICO-SUDAFRICA;MEXICO;SUDAFRICA;2;0
NA;KOREA DEL SUR-REPUBLICA CHECA;KOREA DEL SUR;REPUBLICA CHECA;1;0
NA;CANADA-BOSNIA Y HERZEGOVINA;CANADA;BOSNIA Y HERZEGOVINA;1;0
NA;QATAR-SUIZA;QATAR;SUIZA;0;2
NA;BRASIL-MARRUECOS;BRASIL;MARRUECOS;1;2
NA;HAITI-ESCOCIA;HAITI;ESCOCIA;0;1
NA;ESTADOS UNIDOS-PARAGUAY;ESTADOS UNIDOS;PARAGUAY;1;2
NA;AUSTRALIA-TURQUIA;AUSTRALIA;TURQUIA;0;0
NA;ALEMANIA-CURAZAO;ALEMANIA;CURAZAO;3;0
NA;COSTA DE MARFIL-ECUADOR;COSTA DE MARFIL;ECUADOR;0;1
NA;HOLANDA-JAPON;HOLANDA;JAPON;0;1
NA;SUECIA-TUNEZ;SUECIA;TUNEZ;0;0
NA;BELGICA-EGIPTO;BELGICA;EGIPTO;1;0
NA;IRAN-NUEVA ZELANDA;IRAN;NUEVA ZELANDA;1;0
NA;ESPANA-CABO VERDE;ESPANA;CABO VERDE;2;0
NA;ARABIA SAUDITA-URUGUAY;ARABIA SAUDITA;URUGUAY;2;1
NA;FRANCIA-SENEGAL;FRANCIA;SENEGAL;2;0
NA;IRAQ-NORUEGA;IRAQ;NORUEGA;0;1
NA;ARGENTINA-ALGERIA;ARGENTINA;ALGERIA;2;0
NA;AUSTRIA-JORDANIA;AUSTRIA;JORDANIA;0;0
NA;PORTUGAL-RD CONGO;PORTUGAL;RD CONGO;2;0
NA;UZBEKISTAN-COLOMBIA;UZBEKISTAN;COLOMBIA;0;2
NA;INGLATERRA-CROACIA;INGLATERRA;CROACIA;0;1
NA;GHANA-PANAMA;GHANA;PANAMA;1;1
NA;REPUBLICA CHECA-SUDAFRICA;REPUBLICA CHECA;SUDAFRICA;1;0
NA;MEXICO-KOREA DEL SUR;MEXICO;KOREA DEL SUR;0;0
NA;SUIZA-BOSNIA Y HERZEGOVINA;SUIZA;BOSNIA Y HERZEGOVINA;2;1
NA;CANADA-QATAR;CANADA;QATAR;1;0
NA;ESCOCIA-MARRUECOS;ESCOCIA;MARRUECOS;0;1
NA;BRASIL-HAITI;BRASIL;HAITI;2;0
NA;ESTADOS UNIDOS-AUSTRALIA;ESTADOS UNIDOS;AUSTRALIA;0;0
NA;TURQUIA-PARAGUAY;TURQUIA;PARAGUAY;0;1
NA;ALEMANIA-COSTA DE MARFIL;ALEMANIA;COSTA DE MARFIL;2;0
NA;ECUADOR-CURAZAO;ECUADOR;CURAZAO;2;0
NA;HOLANDA-SUECIA;HOLANDA;SUECIA;0;1
NA;TUNEZ-JAPON;TUNEZ;JAPON;1;2
NA;BELGICA-IRAN;BELGICA;IRAN;1;1
NA;NUEVA ZELANDA-EGIPTO;NUEVA ZELANDA;EGIPTO;0;1
NA;ESPANA-ARABIA SAUDITA;ESPANA;ARABIA SAUDITA;3;1
NA;URUGUAY-CABO VERDE;URUGUAY;CABO VERDE;2;0
NA;FRANCIA-IRAQ;FRANCIA;IRAQ;2;0
NA;NORUEGA-SENEGAL;NORUEGA;SENEGAL;1;1
NA;ARGENTINA-AUSTRIA;ARGENTINA;AUSTRIA;0;1
NA;JORDANIA-ALGERIA;JORDANIA;ALGERIA;0;0
NA;PORTUGAL-UZBEKISTAN;PORTUGAL;UZBEKISTAN;2;0
NA;COLOMBIA-RD CONGO;COLOMBIA;RD CONGO;1;0
NA;INGLATERRA-GHANA;INGLATERRA;GHANA;1;0
NA;PANAMA-CROACIA;PANAMA;CROACIA;0;2
NA;REPUBLICA CHECA-MEXICO;REPUBLICA CHECA;MEXICO;0;1
NA;SUDAFRICA-KOREA DEL SUR;SUDAFRICA;KOREA DEL SUR;0;1
NA;SUIZA-CANADA;SUIZA;CANADA;1;0
NA;BOSNIA Y HERZEGOVINA-QATAR;BOSNIA Y HERZEGOVINA;QATAR;1;0
NA;ESCOCIA-BRASIL;ESCOCIA;BRASIL;1;2
NA;MARRUECOS-HAITI;MARRUECOS;HAITI;2;0
NA;TURQUIA-ESTADOS UNIDOS;TURQUIA;ESTADOS UNIDOS;1;0
NA;PARAGUAY-AUSTRALIA;PARAGUAY;AUSTRALIA;0;0
NA;CURAZAO-COSTA DE MARFIL;CURAZAO;COSTA DE MARFIL;0;1
NA;ECUADOR-ALEMANIA;ECUADOR;ALEMANIA;2;0
NA;JAPON-SUECIA;JAPON;SUECIA;1;0
NA;TUNEZ-HOLANDA;TUNEZ;HOLANDA;0;2
NA;EGIPTO-IRAN;EGIPTO;IRAN;0;0
NA;NUEVA ZELANDA-BELGICA;NUEVA ZELANDA;BELGICA;0;1
NA;CABO VERDE-ARABIA SAUDITA;CABO VERDE;ARABIA SAUDITA;0;1
NA;URUGUAY-ESPANA;URUGUAY;ESPANA;1;2
NA;NORUEGA-FRANCIA;NORUEGA;FRANCIA;2;0
NA;SENEGAL-IRAQ;SENEGAL;IRAQ;1;0
NA;ALGERIA-AUSTRIA;ALGERIA;AUSTRIA;0;1
NA;JORDANIA-ARGENTINA;JORDANIA;ARGENTINA;0;2
NA;COLOMBIA-PORTUGAL;COLOMBIA;PORTUGAL;0;1
NA;RD CONGO-UZBEKISTAN;RD CONGO;UZBEKISTAN;0;1
NA;PANAMA-INGLATERRA;PANAMA;INGLATERRA;1;0
NA;CROACIA-GHANA;CROACIA;GHANA;2;0
SC;MEXICO-SUDAFRICA;MEXICO;SUDAFRICA;1;0
SC;KOREA DEL SUR-REPUBLICA CHECA;KOREA DEL SUR;REPUBLICA CHECA;1;1
SC;CANADA-BOSNIA Y HERZEGOVINA;CANADA;BOSNIA Y HERZEGOVINA;1;1
SC;QATAR-SUIZA;QATAR;SUIZA;0;2
SC;BRASIL-MARRUECOS;BRASIL;MARRUECOS;0;1
SC;HAITI-ESCOCIA;HAITI;ESCOCIA;2;1
SC;ESTADOS UNIDOS-PARAGUAY;ESTADOS UNIDOS;PARAGUAY;2;1
SC;AUSTRALIA-TURQUIA;AUSTRALIA;TURQUIA;1;2
SC;ALEMANIA-CURAZAO;ALEMANIA;CURAZAO;1;1
SC;COSTA DE MARFIL-ECUADOR;COSTA DE MARFIL;ECUADOR;4;0
SC;HOLANDA-JAPON;HOLANDA;JAPON;2;1
SC;SUECIA-TUNEZ;SUECIA;TUNEZ;1;0
SC;BELGICA-EGIPTO;BELGICA;EGIPTO;1;0
SC;IRAN-NUEVA ZELANDA;IRAN;NUEVA ZELANDA;2;0
SC;ESPANA-CABO VERDE;ESPANA;CABO VERDE;0;2
SC;ARABIA SAUDITA-URUGUAY;ARABIA SAUDITA;URUGUAY;3;0
SC;FRANCIA-SENEGAL;FRANCIA;SENEGAL;2;0
SC;IRAQ-NORUEGA;IRAQ;NORUEGA;0;2
SC;ARGENTINA-ALGERIA;ARGENTINA;ALGERIA;2;0
SC;AUSTRIA-JORDANIA;AUSTRIA;JORDANIA;2;0
SC;PORTUGAL-RD CONGO;PORTUGAL;RD CONGO;3;0
SC;UZBEKISTAN-COLOMBIA;UZBEKISTAN;COLOMBIA;0;2
SC;INGLATERRA-CROACIA;INGLATERRA;CROACIA;2;0
SC;GHANA-PANAMA;GHANA;PANAMA;2;1
SC;REPUBLICA CHECA-SUDAFRICA;REPUBLICA CHECA;SUDAFRICA;2;1
SC;MEXICO-KOREA DEL SUR;MEXICO;KOREA DEL SUR;1;1
SC;SUIZA-BOSNIA Y HERZEGOVINA;SUIZA;BOSNIA Y HERZEGOVINA;2;0
SC;CANADA-QATAR;CANADA;QATAR;2;1
SC;ESCOCIA-MARRUECOS;ESCOCIA;MARRUECOS;3;0
SC;BRASIL-HAITI;BRASIL;HAITI;1;1
SC;ESTADOS UNIDOS-AUSTRALIA;ESTADOS UNIDOS;AUSTRALIA;1;1
SC;TURQUIA-PARAGUAY;TURQUIA;PARAGUAY;2;0
SC;ALEMANIA-COSTA DE MARFIL;ALEMANIA;COSTA DE MARFIL;2;1
SC;ECUADOR-CURAZAO;ECUADOR;CURAZAO;2;0
SC;HOLANDA-SUECIA;HOLANDA;SUECIA;1;1
SC;TUNEZ-JAPON;TUNEZ;JAPON;0;1
SC;BELGICA-IRAN;BELGICA;IRAN;2;1
SC;NUEVA ZELANDA-EGIPTO;NUEVA ZELANDA;EGIPTO;0;1
SC;ESPANA-ARABIA SAUDITA;ESPANA;ARABIA SAUDITA;2;0
SC;URUGUAY-CABO VERDE;URUGUAY;CABO VERDE;2;0
SC;FRANCIA-IRAQ;FRANCIA;IRAQ;1;1
SC;NORUEGA-SENEGAL;NORUEGA;SENEGAL;3;0
SC;ARGENTINA-AUSTRIA;ARGENTINA;AUSTRIA;1;1
SC;JORDANIA-ALGERIA;JORDANIA;ALGERIA;0;2
SC;PORTUGAL-UZBEKISTAN;PORTUGAL;UZBEKISTAN;2;0
SC;COLOMBIA-RD CONGO;COLOMBIA;RD CONGO;2;0
SC;INGLATERRA-GHANA;INGLATERRA;GHANA;2;0
SC;PANAMA-CROACIA;PANAMA;CROACIA;0;2
SC;REPUBLICA CHECA-MEXICO;REPUBLICA CHECA;MEXICO;1;1
SC;SUDAFRICA-KOREA DEL SUR;SUDAFRICA;KOREA DEL SUR;0;2
SC;SUIZA-CANADA;SUIZA;CANADA;1;1
SC;BOSNIA Y HERZEGOVINA-QATAR;BOSNIA Y HERZEGOVINA;QATAR;2;0
SC;ESCOCIA-BRASIL;ESCOCIA;BRASIL;0;3
SC;MARRUECOS-HAITI;MARRUECOS;HAITI;2;0
SC;TURQUIA-ESTADOS UNIDOS;TURQUIA;ESTADOS UNIDOS;1;2
SC;PARAGUAY-AUSTRALIA;PARAGUAY;AUSTRALIA;1;1
SC;CURAZAO-COSTA DE MARFIL;CURAZAO;COSTA DE MARFIL;0;2
SC;ECUADOR-ALEMANIA;ECUADOR;ALEMANIA;1;2
SC;JAPON-SUECIA;JAPON;SUECIA;1;1
SC;TUNEZ-HOLANDA;TUNEZ;HOLANDA;0;2
SC;EGIPTO-IRAN;EGIPTO;IRAN;1;1
SC;NUEVA ZELANDA-BELGICA;NUEVA ZELANDA;BELGICA;0;3
SC;CABO VERDE-ARABIA SAUDITA;CABO VERDE;ARABIA SAUDITA;1;1
SC;URUGUAY-ESPANA;URUGUAY;ESPANA;1;1
SC;NORUEGA-FRANCIA;NORUEGA;FRANCIA;1;2
SC;SENEGAL-IRAQ;SENEGAL;IRAQ;2;0
SC;ALGERIA-AUSTRIA;ALGERIA;AUSTRIA;1;1
SC;JORDANIA-ARGENTINA;JORDANIA;ARGENTINA;0;3
SC;COLOMBIA-PORTUGAL;COLOMBIA;PORTUGAL;1;1
SC;RD CONGO-UZBEKISTAN;RD CONGO;UZBEKISTAN;1;1
SC;PANAMA-INGLATERRA;PANAMA;INGLATERRA;0;3
SC;CROACIA-GHANA;CROACIA;GHANA;1;1
TI;MEXICO-SUDAFRICA;MEXICO;SUDAFRICA;2;0
TI;KOREA DEL SUR-REPUBLICA CHECA;KOREA DEL SUR;REPUBLICA CHECA;1;1
TI;CANADA-BOSNIA Y HERZEGOVINA;CANADA;BOSNIA Y HERZEGOVINA;2;0
TI;QATAR-SUIZA;QATAR;SUIZA;0;1
TI;BRASIL-MARRUECOS;BRASIL;MARRUECOS;1;2
TI;HAITI-ESCOCIA;HAITI;ESCOCIA;0;3
TI;ESTADOS UNIDOS-PARAGUAY;ESTADOS UNIDOS;PARAGUAY;1;1
TI;AUSTRALIA-TURQUIA;AUSTRALIA;TURQUIA;1;1
TI;ALEMANIA-CURAZAO;ALEMANIA;CURAZAO;4;0
TI;COSTA DE MARFIL-ECUADOR;COSTA DE MARFIL;ECUADOR;2;1
TI;HOLANDA-JAPON;HOLANDA;JAPON;2;1
TI;SUECIA-TUNEZ;SUECIA;TUNEZ;1;0
TI;BELGICA-EGIPTO;BELGICA;EGIPTO;1;1
TI;IRAN-NUEVA ZELANDA;IRAN;NUEVA ZELANDA;2;0
TI;ESPANA-CABO VERDE;ESPANA;CABO VERDE;5;0
TI;ARABIA SAUDITA-URUGUAY;ARABIA SAUDITA;URUGUAY;1;0
TI;FRANCIA-SENEGAL;FRANCIA;SENEGAL;2;1
TI;IRAQ-NORUEGA;IRAQ;NORUEGA;1;3
TI;ARGENTINA-ALGERIA;ARGENTINA;ALGERIA;1;0
TI;AUSTRIA-JORDANIA;AUSTRIA;JORDANIA;1;1
TI;PORTUGAL-RD CONGO;PORTUGAL;RD CONGO;3;0
TI;UZBEKISTAN-COLOMBIA;UZBEKISTAN;COLOMBIA;0;2
TI;INGLATERRA-CROACIA;INGLATERRA;CROACIA;1;1
TI;GHANA-PANAMA;GHANA;PANAMA;2;0
TI;REPUBLICA CHECA-SUDAFRICA;REPUBLICA CHECA;SUDAFRICA;1;0
TI;MEXICO-KOREA DEL SUR;MEXICO;KOREA DEL SUR;1;1
TI;SUIZA-BOSNIA Y HERZEGOVINA;SUIZA;BOSNIA Y HERZEGOVINA;2;0
TI;CANADA-QATAR;CANADA;QATAR;1;0
TI;ESCOCIA-MARRUECOS;ESCOCIA;MARRUECOS;2;2
TI;BRASIL-HAITI;BRASIL;HAITI;5;0
TI;ESTADOS UNIDOS-AUSTRALIA;ESTADOS UNIDOS;AUSTRALIA;1;0
TI;TURQUIA-PARAGUAY;TURQUIA;PARAGUAY;2;0
TI;ALEMANIA-COSTA DE MARFIL;ALEMANIA;COSTA DE MARFIL;1;0
TI;ECUADOR-CURAZAO;ECUADOR;CURAZAO;2;0
TI;HOLANDA-SUECIA;HOLANDA;SUECIA;2;1
TI;TUNEZ-JAPON;TUNEZ;JAPON;0;2
TI;BELGICA-IRAN;BELGICA;IRAN;2;0
TI;NUEVA ZELANDA-EGIPTO;NUEVA ZELANDA;EGIPTO;0;0
TI;ESPANA-ARABIA SAUDITA;ESPANA;ARABIA SAUDITA;3;1
TI;URUGUAY-CABO VERDE;URUGUAY;CABO VERDE;2;1
TI;FRANCIA-IRAQ;FRANCIA;IRAQ;4;1
TI;NORUEGA-SENEGAL;NORUEGA;SENEGAL;2;2
TI;ARGENTINA-AUSTRIA;ARGENTINA;AUSTRIA;2;0
TI;JORDANIA-ALGERIA;JORDANIA;ALGERIA;1;2
TI;PORTUGAL-UZBEKISTAN;PORTUGAL;UZBEKISTAN;4;1
TI;COLOMBIA-RD CONGO;COLOMBIA;RD CONGO;1;0
TI;INGLATERRA-GHANA;INGLATERRA;GHANA;2;1
TI;PANAMA-CROACIA;PANAMA;CROACIA;0;2
TI;REPUBLICA CHECA-MEXICO;REPUBLICA CHECA;MEXICO;0;2
TI;SUDAFRICA-KOREA DEL SUR;SUDAFRICA;KOREA DEL SUR;0;2
TI;SUIZA-CANADA;SUIZA;CANADA;1;1
TI;BOSNIA Y HERZEGOVINA-QATAR;BOSNIA Y HERZEGOVINA;QATAR;1;1
TI;ESCOCIA-BRASIL;ESCOCIA;BRASIL;1;2
TI;MARRUECOS-HAITI;MARRUECOS;HAITI;4;0
TI;TURQUIA-ESTADOS UNIDOS;TURQUIA;ESTADOS UNIDOS;2;1
TI;PARAGUAY-AUSTRALIA;PARAGUAY;AUSTRALIA;0;0
TI;CURAZAO-COSTA DE MARFIL;CURAZAO;COSTA DE MARFIL;0;2
TI;ECUADOR-ALEMANIA;ECUADOR;ALEMANIA;1;2
TI;JAPON-SUECIA;JAPON;SUECIA;2;1
TI;TUNEZ-HOLANDA;TUNEZ;HOLANDA;0;1
TI;EGIPTO-IRAN;EGIPTO;IRAN;0;1
TI;NUEVA ZELANDA-BELGICA;NUEVA ZELANDA;BELGICA;0;2
TI;CABO VERDE-ARABIA SAUDITA;CABO VERDE;ARABIA SAUDITA;0;2
TI;URUGUAY-ESPANA;URUGUAY;ESPANA;1;0
TI;NORUEGA-FRANCIA;NORUEGA;FRANCIA;1;2
TI;SENEGAL-IRAQ;SENEGAL;IRAQ;2;0
TI;ALGERIA-AUSTRIA;ALGERIA;AUSTRIA;1;0
TI;JORDANIA-ARGENTINA;JORDANIA;ARGENTINA;3;0
TI;COLOMBIA-PORTUGAL;COLOMBIA;PORTUGAL;1;2
TI;RD CONGO-UZBEKISTAN;RD CONGO;UZBEKISTAN;2;1
TI;PANAMA-INGLATERRA;PANAMA;INGLATERRA;0;3
TI;CROACIA-GHANA;CROACIA;GHANA;2;1
